identifiant;Prénom;Nom;Région;Département;Numéro de circonscription;Profession;Groupe politique (complet);Groupe politique (abrégé)
642868;Paul;Christophe;Hauts-de-France;Nord;14;Fonctionnaire de catégorie A;Horizons et apparentés;HOR
719146;Jean-Félix;Acquaviva;Corse;Haute-Corse;2;Cadre;Libertés, Indépendants, Outre-mer et Territoires;LIOT
795692;William;Martinet;Ile-de-France;Yvelines;11;Cadre administratif;La France insoumise - Nouvelle Union Populaire écologique et sociale;LFI - NUPES
795050;Astrid;Panosyan-Bouvet;Ile-de-France;Paris;4;Cadre administratif et commercial d'entreprise;Renaissance;RE
719412;Sandrine;Le Feur;Bretagne;Finistère;4;Agriculteur-propriétaire exploitant;Renaissance;RE
720414;Patrice;Perrot;Bourgogne-Franche-Comté;Nièvre;2;Industriel-Chef d'entreprise;Renaissance;RE
721960;Danièle;Obono;Ile-de-France;Paris;17;Bibliothécaire;La France insoumise - Nouvelle Union Populaire écologique et sociale;LFI - NUPES
794938;Idir;Boumertit;Auvergne-Rhône-Alpes;Rhône;14;Employé administratif d'entreprise;La France insoumise - Nouvelle Union Populaire écologique et sociale;LFI - NUPES
795950;David;Amiel;Ile-de-France;Paris;13;Sans profession déclarée;Renaissance;RE
720764;Florence;Lasserre;Nouvelle-Aquitaine;Pyrénées-Atlantiques;5;Employée du secteur privé;Démocrate (MoDem et Indépendants);Dem
793608;Katiana;Levavasseur;Normandie;Eure;2;Ouvrier de type industriel;Rassemblement National;RN
795828;Johnny;Hajjar;Martinique;Martinique;3;Professeur du second degré;Socialistes et apparentés;SOC
793548;Caroline;Colombier;Nouvelle-Aquitaine;Charente;3;Avocate / Ancien cadre ;Rassemblement National;RN
720976;Max;Mathiasin;Guadeloupe;Guadeloupe;3;Fonction publique territoriale;Libertés, Indépendants, Outre-mer et Territoires;LIOT
793872;Nathalie;Oziol;Occitanie;Hérault;2;Professeur, profession scientifique;La France insoumise - Nouvelle Union Populaire écologique et sociale;LFI - NUPES
720822;Bruno;Bilde;Hauts-de-France;Pas-de-Calais;12;Juriste;Rassemblement National;RN
718926;Pierre;Dharréville;Provence-Alpes-Côte d'Azur;Bouches-du-Rhône;13;Employé (secteur privé);Gauche démocrate et républicaine - NUPES;GDR - NUPES
722102;Annie;Vidal;Normandie;Seine-Maritime;2;Retraitée de la fonction publique hospitalière;Renaissance;RE
722292;Thomas;Rudigoz;Auvergne-Rhône-Alpes;Rhône;1;Sans profession déclarée;Renaissance;RE
720362;Belkhir;Belhaddad;Grand Est;Moselle;1;Industriel-Chef d'entreprise;Renaissance;RE
695100;Meyer;Habib;Français établis hors de France;Français établis hors de France;8;Ingénieur;Les Républicains;LR
793672;Christine;Loir;Normandie;Eure;1;Profession intermédiaire de la santé et du travail social;Rassemblement National;RN
331582;Philippe;Vigier;Centre-Val de Loire;Eure-et-Loir;4;Biologiste A.I.H.P.;Démocrate (MoDem et Indépendants);Dem
718884;Valérie;Bazin-Malgras;Grand Est;Aube;2;Commerçante;Les Républicains;LR
609590;Valérie;Rabault;Occitanie;Tarn-et-Garonne;1;Ingénieure;Socialistes et apparentés;SOC
608416;Patrick;Hetzel;Grand Est;Bas-Rhin;7;Professeur des Universités;Les Républicains;LR
605694;Olivier;Falorni;Nouvelle-Aquitaine;Charente-Maritime;1;Professeur du secondaire;Démocrate (MoDem et Indépendants);Dem
794530;Matthieu;Marchio;Hauts-de-France;Nord;16;Cadre administratif et commercial d'entreprise;Rassemblement National;RN
794114;Emmanuel;Mandon;Auvergne-Rhône-Alpes;Loire;3;Conseiller d'insertion professionnelle;Démocrate (MoDem et Indépendants);Dem
643192;Chantal;Jourdan;Normandie;Orne;1;Psychologue;Socialistes et apparentés;SOC
793500;Benoît;Bordat;Bourgogne-Franche-Comté;Côte-d'Or;2;Conseiller foncier agricole;Renaissance;RE
721678;Robin;Reda;Ile-de-France;Essonne;7;;Renaissance;RE
720370;Ludovic;Mendes;Grand Est;Moselle;2;Cadre supérieur (secteur privé);Renaissance;RE
791812;Sophia;Chikirou;Ile-de-France;Paris;6;Chef d'entreprise de 10 salariés ou plus;La France insoumise - Nouvelle Union Populaire écologique et sociale;LFI - NUPES
720430;Ugo;Bernalicis;Hauts-de-France;Nord;2;Fonctionnaire de catégorie A;La France insoumise - Nouvelle Union Populaire écologique et sociale;LFI - NUPES
722054;Nadia;Hai;Ile-de-France;Yvelines;7;Conseil en gestion de patrimoine;Renaissance;RE
720022;Michel;Lauzzana;Nouvelle-Aquitaine;Lot-et-Garonne;1;Médecin;Renaissance;RE
793314;Alexandra;Masson;Provence-Alpes-Côte d'Azur;Alpes-Maritimes;4;Profession libérale;Rassemblement National;RN
795966;Stéphane;Rambaud;Provence-Alpes-Côte d'Azur;Var;3;Retraité de la police nationale;Rassemblement National;RN
795508;Émilie;Chandler;Ile-de-France;Val-d'Oise;1;Profession libérale;Renaissance;RE
794870;Sylvie;Ferrer;Occitanie;Hautes-Pyrénées;1;;La France insoumise - Nouvelle Union Populaire écologique et sociale;LFI - NUPES
793624;Philippe;Brun;Normandie;Eure;4;Magistrat administratif;Socialistes et apparentés;SOC
608016;Véronique;Louwagie;Normandie;Orne;2;Expert-comptable;Les Républicains;LR
643134;Isabelle;Valentin;Auvergne-Rhône-Alpes;Haute-Loire;1;Salariée agricole;Les Républicains;LR
718710;Pascale;Boyer;Provence-Alpes-Côte d'Azur;Hautes-Alpes;1;Contremaître, agent de maîtrise;Renaissance;RE
722142;François;Ruffin;Hauts-de-France;Somme;1;Reporter;La France insoumise - Nouvelle Union Populaire écologique et sociale;LFI - NUPES
794458;Martine;Etienne;Grand Est;Meurthe-et-Moselle;3;Ancien employé;La France insoumise - Nouvelle Union Populaire écologique et sociale;LFI - NUPES
795318;Louis;Boyard;Ile-de-France;Val-de-Marne;3;Elève, étudiant;La France insoumise - Nouvelle Union Populaire écologique et sociale;LFI - NUPES
608172;Christine;Pires Beaune;Auvergne-Rhône-Alpes;Puy-de-Dôme;2;Fonctionnaire de catégorie A;Socialistes et apparentés;SOC
793452;Hendrik;Davi;Provence-Alpes-Côte d'Azur;Bouches-du-Rhône;5;Professeur, profession scientifique;La France insoumise - Nouvelle Union Populaire écologique et sociale;LFI - NUPES
795636;Benjamin;Lucas;Ile-de-France;Yvelines;8;;Écologiste - NUPES;Ecolo - NUPES
795454;Karim;Ben Cheikh;Français établis hors de France;Français établis hors de France;9;Cadre de la fonction publique;Écologiste - NUPES;Ecolo - NUPES
719006;Fabrice;Le Vigoureux;Normandie;Calvados;1;Professeur des Universités;Renaissance;RE
720230;Lise;Magnier;Grand Est;Marne;4;cadre territorial;Horizons et apparentés;HOR
793238;Christophe;Barthès;Occitanie;Aude;1;Agriculteur sur moyenne exploitation;Rassemblement National;RN
774954;Anne-Laure;Blin;Pays de la Loire;Maine-et-Loire;3;Juriste;Les Républicains;LR
793174;Yannick;Monnet;Auvergne-Rhône-Alpes;Allier;1;Cadre de la fonction publique;Gauche démocrate et républicaine - NUPES;GDR - NUPES
267766;Guy;Bricout;Hauts-de-France;Nord;18;Retraité fonction publique (hors enseignement);Libertés, Indépendants, Outre-mer et Territoires;LIOT
721296;Guillaume;Gouffier Valente;Ile-de-France;Val-de-Marne;6;Manager public;Renaissance;RE
794118;Antoine;Vermorel-Marques;Auvergne-Rhône-Alpes;Loire;5;Conseiller parlementaire;Les Républicains;LR
793508;Hubert;Brigand;Bourgogne-Franche-Comté;Côte-d'Or;4;Ancienne profession intermédiaire;Les Républicains;LR
721880;Marie;Guévenoux;Ile-de-France;Essonne;9;Collaborateur politique;Renaissance;RE
720446;Brigitte;Liso;Hauts-de-France;Nord;4;Commerçant;Renaissance;RE
794066;Frédéric;Mathieu;Bretagne;Ille-et-Vilaine;1;Cadre de la fonction publique;La France insoumise - Nouvelle Union Populaire écologique et sociale;LFI - NUPES
642847;Thibault;Bazin;Grand Est;Meurthe-et-Moselle;4;Autre cadre (secteur privé);Les Républicains;LR
795192;Steve;Chailloux;Polynésie française;Polynésie Française;2;Professeur, profession scientifique;Gauche démocrate et républicaine - NUPES;GDR - NUPES
793948;Nicolas;Thierry;Nouvelle-Aquitaine;Gironde;2;Consultant en développement durable;Écologiste - NUPES;Ecolo - NUPES
712014;Vincent;Ledoux;Hauts-de-France;Nord;10;Professeur;Renaissance;RE
793330;Bryan;Masson;Provence-Alpes-Côte d'Azur;Alpes-Maritimes;6;Profession intermédiaire administrative de la fonction publique;Rassemblement National;RN
609332;Olivier;Faure;Ile-de-France;Seine-et-Marne;11;Cadre supérieur (secteur privé);Socialistes et apparentés;SOC
720138;Laetitia;Saint-Paul;Pays de la Loire;Maine-et-Loire;4;Officier de l'armée de Terre;Renaissance;RE
795046;Caroline;Yadan;Ile-de-France;Paris;3;avocat;Renaissance;RE
721004;Amélia;Lakrafi;Français établis hors de France;Français établis hors de France;10;Chef d'entreprise;Renaissance;RE
719512;Corinne;Vignon;Occitanie;Haute-Garonne;3;Cadre supérieur (secteur privé);Renaissance;RE
330240;Éric;Ciotti;Provence-Alpes-Côte d'Azur;Alpes-Maritimes;1;;Les Républicains;LR
794702;Delphine;Lingemann;Auvergne-Rhône-Alpes;Puy-de-Dôme;4;Chef d'entreprise - Enseignante associée université;Démocrate (MoDem et Indépendants);Dem
342384;Élisa;Martin;Auvergne-Rhône-Alpes;Isère;3;Professeur, profession scientifique;La France insoumise - Nouvelle Union Populaire écologique et sociale;LFI - NUPES
721816;Ian;Boucard;Bourgogne-Franche-Comté;Territoire de Belfort;1;Autre cadre (secteur privé);Les Républicains;LR
721410;Émilie;Bonnivard;Auvergne-Rhône-Alpes;Savoie;3;Cadre à la Caisse des Dépôts et Consignations;Les Républicains;LR
793254;Julien;Rancoule;Occitanie;Aude;3;Profession libérale;Rassemblement National;RN
793816;Mélanie;Thomin;Bretagne;Finistère;6;Professeur, profession scientifique;Socialistes et apparentés;SOC
796034;Frank;Giletti;Provence-Alpes-Côte d'Azur;Var;6;Fonctionnaire;Rassemblement National;RN
721170;Stéphane;Vojetta;Français établis hors de France;Français établis hors de France;5;Entrepreneur;Renaissance;RE
794130;Andy;Kerbrat;Pays de la Loire;Loire-Atlantique;2;Chargé d'assistance automobile;La France insoumise - Nouvelle Union Populaire écologique et sociale;LFI - NUPES
794954;Emeric;Salmon;Bourgogne-Franche-Comté;Haute-Saône;2;Cadre administratif et commercial d'entreprise;Rassemblement National;RN
342196;Claudia;Rouaux;Bretagne;Ille-et-Vilaine;3;Gestionnaire à l'INRAE;Socialistes et apparentés;SOC
794194;Mathilde;Desjonquères;Centre-Val de Loire;Loir-et-Cher;1;Directrice Culture, Patrimoine et Sport;Démocrate (MoDem et Indépendants);Dem
795844;Karen;Erodi;Occitanie;Tarn;2;Profession libérale;La France insoumise - Nouvelle Union Populaire écologique et sociale;LFI - NUPES
774958;Gérard;Leseul;Normandie;Seine-Maritime;5;Cadre d'entreprise / enseignant universitaire;Socialistes et apparentés;SOC
1008;Alain;David;Nouvelle-Aquitaine;Gironde;4;Ingénieur;Socialistes et apparentés;SOC
793884;Sébastien;Rome;Occitanie;Hérault;4;Professeur des écoles, instituteur et assimilé;La France insoumise - Nouvelle Union Populaire écologique et sociale;LFI - NUPES
719930;Boris;Vallaud;Nouvelle-Aquitaine;Landes;3;Fonctionnaire de catégorie A;Socialistes et apparentés;SOC
795010;Marie-Charlotte;Garin;Auvergne-Rhône-Alpes;Rhône;3;Collaboratrice politique en collectivité locale;Écologiste - NUPES;Ecolo - NUPES
719528;Jean-François;Portarrieu;Occitanie;Haute-Garonne;5;Journaliste;Horizons et apparentés;HOR
793122;Romain;Daubié;Auvergne-Rhône-Alpes;Ain;2;Avocat;Démocrate (MoDem et Indépendants);Dem
721522;Xavier;Batut;Normandie;Seine-Maritime;10;Autre cadre (secteur privé);Horizons et apparentés;HOR
793688;Pascale;Martin;Nouvelle-Aquitaine;Dordogne;1;Ancien cadre;La France insoumise - Nouvelle Union Populaire écologique et sociale;LFI - NUPES
795908;Yannick;Chenevard;Provence-Alpes-Côte d'Azur;Var;1;Profession libérale;Renaissance;RE
795270;Marie-Agnès;Poussier-Winsback;Normandie;Seine-Maritime;9;Enseignante;Horizons et apparentés;HOR
794022;Jérémie;Iordanoff;Auvergne-Rhône-Alpes;Isère;5;Artiste-peintre;Écologiste - NUPES;Ecolo - NUPES
722336;Vincent;Thiébaut;Grand Est;Bas-Rhin;9;Autre cadre (secteur privé);Horizons et apparentés;HOR
719100;Jean-Philippe;Ardouin;Nouvelle-Aquitaine;Charente-Maritime;3;Chef d'entreprise;Renaissance;RE
721426;Véronique;Riotton;Auvergne-Rhône-Alpes;Haute-Savoie;1;Consultante-Coach en Ressources Humaines;Renaissance;RE
720386;Fabien;Di Filippo;Grand Est;Moselle;4;Ancien cadre du secteur privé;Les Républicains;LR
610002;Eva;Sas;Ile-de-France;Paris;8;Cadre supérieur du secteur privé;Écologiste - NUPES;Ecolo - NUPES
719558;Erwan;Balanant;Bretagne;Finistère;8;Photographe et réalisateur;Démocrate (MoDem et Indépendants);Dem
796050;Philippe;Schreck;Provence-Alpes-Côte d'Azur;Var;8;Profession libérale ;Rassemblement National;RN
722390;Josiane;Corneloup;Bourgogne-Franche-Comté;Saône-et-Loire;2;Pharmacien;Les Républicains;LR
795982;Aurélien;Saintoul;Ile-de-France;Hauts-de-Seine;11;Cadre de la fonction publique;La France insoumise - Nouvelle Union Populaire écologique et sociale;LFI - NUPES
794886;Sophie;Blanc;Occitanie;Pyrénées-Orientales;1;Profession libérale;Rassemblement National;RN
719372;Guillaume;Kasbarian;Centre-Val de Loire;Eure-et-Loir;1;Cadre supérieur (secteur privé);Renaissance;RE
795934;Claire;Guichard;Ile-de-France;Hauts-de-Seine;10;Sans profession déclarée;Renaissance;RE
721750;Céline;Calvez;Ile-de-France;Hauts-de-Seine;5;Consultante communication;Renaissance;RE
721932;Marie-France;Lorho;Provence-Alpes-Côte d'Azur;Vaucluse;4;Déléguée médicale;Rassemblement National;RN
720668;Emmanuel;Blairy;Hauts-de-France;Pas-de-Calais;1;Fonctionnaire territorial;Rassemblement National;RN
346054;Emmanuel;Maquet;Hauts-de-France;Somme;3;Agent général d'assurances;Les Républicains;LR
794470;Félicie;Gérard;Hauts-de-France;Nord;7;Contremaître, agent de maîtrise;Horizons et apparentés;HOR
719608;Emmanuelle;Ménard;Occitanie;Hérault;6;Journaliste et autre média;Non inscrit;NI
793464;Sébastien;Delogu;Provence-Alpes-Côte d'Azur;Bouches-du-Rhône;7;Sans profession;La France insoumise - Nouvelle Union Populaire écologique et sociale;LFI - NUPES
642988;Hervé;de Lépinau;Provence-Alpes-Côte d'Azur;Vaucluse;3;Avocat;Rassemblement National;RN
795652;Alexis;Izard;Ile-de-France;Essonne;3;Cadre administratif et commercial d'entreprise;Renaissance;RE
721442;Christelle;Petex;Auvergne-Rhône-Alpes;Haute-Savoie;3;Cadre administratif et commercial d'entreprise;Les Républicains;LR
793772;Christophe;Bex;Occitanie;Haute-Garonne;7;Cadre de la fonction publique;La France insoumise - Nouvelle Union Populaire écologique et sociale;LFI - NUPES
607193;Sophie;Errante;Pays de la Loire;Loire-Atlantique;10;Industriel-Chef d'entreprise;Renaissance;RE
719266;Jean-Pierre;Cubertafon;Nouvelle-Aquitaine;Dordogne;3;Retraité des professions libérales;Démocrate (MoDem et Indépendants);Dem
794830;Hubert;Ott;Grand Est;Haut-Rhin;2;Professeur, profession scientifique;Démocrate (MoDem et Indépendants);Dem
793572;Christophe;Plassard;Nouvelle-Aquitaine;Charente-Maritime;5;Profession libérale;Horizons et apparentés;HOR
720692;Fabien;Roussel;Hauts-de-France;Nord;20;Attaché parlementaire;Gauche démocrate et républicaine - NUPES;GDR - NUPES
793520;Mickaël;Cosson;Bretagne;Côtes-d'Armor;1;Chargé d'opérations urbanisme;Démocrate (MoDem et Indépendants);Dem
643143;Christian;Baptiste;Guadeloupe;Guadeloupe;2;Directeur d'association;Socialistes et apparentés;SOC
794418;Florence;Goulet;Grand Est;Meuse;2;Cadre de la fonction publique;Rassemblement National;RN
795084;Rodrigo;Arenas;Ile-de-France;Paris;10;Cadre de la fonction publique;La France insoumise - Nouvelle Union Populaire écologique et sociale;LFI - NUPES
719436;Nicolas;Meizonnet;Occitanie;Gard;2;Ingénieur en informatique ;Rassemblement National;RN
334116;Jacqueline;Maquet;Hauts-de-France;Pas-de-Calais;2;Directrice de mission;Renaissance;RE
719024;Christophe;Blanchet;Normandie;Calvados;4;Commerçant;Démocrate (MoDem et Indépendants);Dem
608695;Cécile;Untermaier;Bourgogne-Franche-Comté;Saône-et-Loire;4;Fonctionnaire des grands corps de l'État;Socialistes et apparentés;SOC
796114;Catherine;Jaouen;Provence-Alpes-Côte d'Azur;Vaucluse;1;AVOCAT;Rassemblement National;RN
720286;Caroline;Fiat;Grand Est;Meurthe-et-Moselle;6;Salariée du secteur médical;La France insoumise - Nouvelle Union Populaire écologique et sociale;LFI - NUPES
793342;Alexandra;Martin (Alpes-Maritimes);Provence-Alpes-Côte d'Azur;Alpes-Maritimes;8;Employé civil et agent de service de la fonction publique;Les Républicains;LR
795990;Maud;Bregeon;Ile-de-France;Hauts-de-Seine;13;Ingénieur et cadre technique d'entreprise;Renaissance;RE
267324;Jean-Jacques;Gaultier;Grand Est;Vosges;4;Médecin biologiste;Les Républicains;LR
720154;Nicole;Dubré-Chirat;Pays de la Loire;Maine-et-Loire;6;Retraitée de la fonction publique hospitalière et chargée de formation;Renaissance;RE
721632;Patricia;Lemoine;Ile-de-France;Seine-et-Marne;5;Directrice de cabinet;Renaissance;RE
721336;Blandine;Brocard;Auvergne-Rhône-Alpes;Rhône;5;Employée (secteur privé);Démocrate (MoDem et Indépendants);Dem
719382;Luc;Lamirault;Centre-Val de Loire;Eure-et-Loir;3;chef d'entreprise;Horizons et apparentés;HOR
721828;Fanta;Berete;Ile-de-France;Paris;12;Directrice projets;Renaissance;RE
795864;Pierre;Cazeneuve;Ile-de-France;Hauts-de-Seine;7;Cadre de la fonction publique;Renaissance;RE
794770;Michèle;Martinez;Occitanie;Pyrénées-Orientales;4;Sans profession déclarée;Rassemblement National;RN
795786;Yaël;Menache;Hauts-de-France;Somme;5;Commerciale;Rassemblement National;RN
794486;Violette;Spillebout;Hauts-de-France;Nord;9;Cadre administratif et commercial d'entreprise;Renaissance;RE
720720;Josy;Poueyto;Nouvelle-Aquitaine;Pyrénées-Atlantiques;1;Retraitée de la fonction publique (hors enseignement);Démocrate (MoDem et Indépendants);Dem
793476;Francis;Dubois;Nouvelle-Aquitaine;Corrèze;1;Technicien;Les Républicains;LR
795664;Paul;Midy;Ile-de-France;Essonne;5;Chef d'entreprise de 10 salariés ou plus;Renaissance;RE
794582;Kévin;Pfeffer;Grand Est;Moselle;6;Permanent politique;Rassemblement National;RN
795588;Farida;Amrani;Ile-de-France;Essonne;1;Cadre de la fonction publique;La France insoumise - Nouvelle Union Populaire écologique et sociale;LFI - NUPES
720074;Caroline;Janvier;Centre-Val de Loire;Loiret;2;Autre cadre (secteur privé);Renaissance;RE
793716;Laurent;Croizier;Bourgogne-Franche-Comté;Doubs;1;Professeur des écoles, instituteur et assimilé;Démocrate (MoDem et Indépendants);Dem
793262;Laurent;Alexandre;Occitanie;Aveyron;2;Ouvrier qualifié de type industriel;La France insoumise - Nouvelle Union Populaire écologique et sociale;LFI - NUPES
721710;Michèle;Peyron;Ile-de-France;Seine-et-Marne;9;Autre cadre (secteur privé);Renaissance;RE
721314;Raphaël;Schellenberger;Grand Est;Haut-Rhin;4;;Les Républicains;LR
783457;Victor;Habert-Dassault;Hauts-de-France;Oise;1;Avocat;Les Républicains;LR
794146;Julie;Laernoes;Pays de la Loire;Loire-Atlantique;4;Ancien cadre;Écologiste - NUPES;Ecolo - NUPES
1874;Marc;Le Fur;Bretagne;Côtes-d'Armor;3;Sous-préfet;Les Républicains;LR
795730;Bastien;Marchive;Nouvelle-Aquitaine;Deux-Sèvres;1;Juriste;Renaissance;RE
794434;Christophe;Bentz;Grand Est;Haute-Marne;1;Professeur, profession scientifique;Rassemblement National;RN
794658;Philippe;Fait;Hauts-de-France;Pas-de-Calais;4;Professeur des écoles, instituteur et assimilé;Renaissance;RE
793282;Didier;Parakian;Provence-Alpes-Côte d'Azur;Bouches-du-Rhône;1;DIRIGEANT D'ENTREPRISE;Renaissance;RE
720334;Jimmy;Pahun;Bretagne;Morbihan;2;Navigateur;Démocrate (MoDem et Indépendants);Dem
719600;Éric;Poulliat;Nouvelle-Aquitaine;Gironde;6;Fonctionnaire de catégorie B;Renaissance;RE
340343;Hervé;Saulignac;Auvergne-Rhône-Alpes;Ardèche;1;Cadre (entreprises publiques);Socialistes et apparentés;SOC
421348;André;Villiers;Bourgogne-Franche-Comté;Yonne;2;Agriculteur-propriétaire exploitant;Horizons et apparentés;HOR
266797;Philippe;Gosselin;Normandie;Manche;1;Maître de conférences à Sciences Po;Les Républicains;LR
794914;Alexandre;Vincendet;Auvergne-Rhône-Alpes;Rhône;7;Elu local;Les Républicains;LR
718850;Pierre;Cordier;Grand Est;Ardennes;2;Fonctionnaire de catégorie A;Les Républicains;LR
794198;Roger;Chudeau;Centre-Val de Loire;Loir-et-Cher;2;Inspecteur général de l'éducation nationale honoraire ;Rassemblement National;RN
793134;Jérôme;Buisson;Auvergne-Rhône-Alpes;Ain;4;Professeur d'italien;Rassemblement National;RN
346782;Philippe;Juvin;Ile-de-France;Hauts-de-Seine;3;Professeur de médecine;Les Républicains;LR
795350;Frédéric;Valletoux;Ile-de-France;Seine-et-Marne;2;Profession de l'information;Horizons et apparentés;HOR
332228;Thierry;Benoit;Bretagne;Ille-et-Vilaine;6;Représentant de commerce;Horizons et apparentés;HOR
720684;Pierre-Henri;Dumont;Hauts-de-France;Pas-de-Calais;7;Collaborateur parlementaire;Les Républicains;LR
605782;Laurent;Marcangeli;Corse;Corse-du-Sud;1;Avocat;Horizons et apparentés;HOR
794598;Laurent;Jacobelli;Grand Est;Moselle;8;Profession de l'information, des arts et des spectacles;Rassemblement National;RN
794038;Yannick;Neuder;Auvergne-Rhône-Alpes;Isère;7;Cardiologue;Les Républicains;LR
795604;Estelle;Folest;Ile-de-France;Val-d'Oise;6;Directrice de la communication;Démocrate (MoDem et Indépendants);Dem
794322;Thomas;Ménagé;Centre-Val de Loire;Loiret;4;Cadre administratif et commercial d'entreprise;Rassemblement National;RN
720846;Bastien;Lachaud;Ile-de-France;Seine-Saint-Denis;6;Professeur du secondaire et technique;La France insoumise - Nouvelle Union Populaire écologique et sociale;LFI - NUPES
721474;Stéphane;Viry;Grand Est;Vosges;1;Avocat;Les Républicains;LR
721270;Stéphane;Peu;Ile-de-France;Seine-Saint-Denis;2;Employé;Gauche démocrate et républicaine - NUPES;GDR - NUPES
722162;Nicolas;Turquois;Nouvelle-Aquitaine;Vienne;4;Agriculteur-propriétaire exploitant;Démocrate (MoDem et Indépendants);Dem
794154;Jean-Claude;Raux;Pays de la Loire;Loire-Atlantique;6;Professeur, profession scientifique;Écologiste - NUPES;Ecolo - NUPES
805166;Anne;Bergantz;Ile-de-France;Yvelines;2;Responsable de service social hospitalier;Démocrate (MoDem et Indépendants);Dem
309643;Véronique;Besse;Pays de la Loire;Vendée;4;Journaliste;Non inscrit;NI
607619;Paul;Molac;Bretagne;Morbihan;4;Professeur du secondaire;Libertés, Indépendants, Outre-mer et Territoires;LIOT
721984;Philippe;Latombe;Pays de la Loire;Vendée;1;Cadre supérieur (secteur privé);Démocrate (MoDem et Indépendants);Dem
793980;Charles;Fournier;Centre-Val de Loire;Indre-et-Loire;1;consultant - formateur;Écologiste - NUPES;Ecolo - NUPES
793354;Joëlle;Mélin;Provence-Alpes-Côte d'Azur;Bouches-du-Rhône;9;Médecin expert judiciaire;Rassemblement National;RN
721262;Guillaume;Vuilletet;Ile-de-France;Val-d'Oise;2;Cadre supérieur (secteur privé);Renaissance;RE
793912;Sylvain;Carrière;Occitanie;Hérault;8;Employé de commerce;La France insoumise - Nouvelle Union Populaire écologique et sociale;LFI - NUPES
796132;Raquel;Garrido;Ile-de-France;Seine-Saint-Denis;5;Avocate;La France insoumise - Nouvelle Union Populaire écologique et sociale;LFI - NUPES
794214;Quentin;Bataillon;Auvergne-Rhône-Alpes;Loire;1;Cadre administratif et commercial d'entreprise;Renaissance;RE
795026;Anne-Cécile;Violland;Auvergne-Rhône-Alpes;Haute-Savoie;5;Profession libérale;Horizons et apparentés;HOR
793780;Christine;Arrighi;Occitanie;Haute-Garonne;9;Ancien cadre;Écologiste - NUPES;Ecolo - NUPES
793146;Nicolas;Dragon;Hauts-de-France;Aisne;1;Profession libérale;Rassemblement National;RN
795362;Lisa;Belluco;Nouvelle-Aquitaine;Vienne;1;Cadre de la fonction publique;Écologiste - NUPES;Ecolo - NUPES
794094;Mickaël;Bouloux;Bretagne;Ille-et-Vilaine;8;Ingénieur et cadre technique d'entreprise;Socialistes et apparentés;SOC
719874;Élodie;Jacquier-Laforge;Auvergne-Rhône-Alpes;Isère;9;Cadre supérieur (secteur privé);Démocrate (MoDem et Indépendants);Dem
605745;Nicolas;Sansu;Centre-Val de Loire;Cher;2;Permanent politique;Gauche démocrate et républicaine - NUPES;GDR - NUPES
795156;Fatiha;Keloua Hachi;Ile-de-France;Seine-Saint-Denis;8;Professeur, profession scientifique;Socialistes et apparentés;SOC
606639;Patrick;Vignal;Occitanie;Hérault;9;Industriel-Chef d'entreprise;Renaissance;RE
335054;Marietta;Karamanli;Pays de la Loire;Sarthe;2;Professeur dans l'enseignement supérieur;Socialistes et apparentés;SOC
793852;Pierre;Meurin;Occitanie;Gard;4;Cadre administratif et commercial d'entreprise;Rassemblement National;RN
796070;Perceval;Gaillard;Réunion;Réunion;7;Profession intermédiaire de la santé et du travail social;La France insoumise - Nouvelle Union Populaire écologique et sociale;LFI - NUPES
795430;Stéphane;Delautrette;Nouvelle-Aquitaine;Haute-Vienne;2;Ingénieur dans le domaine de l'environnement;Socialistes et apparentés;SOC
794982;Julie;Delpech;Pays de la Loire;Sarthe;1;Chargée de communication;Renaissance;RE
793094;Nicolas;Ray;Auvergne-Rhône-Alpes;Allier;3;Inspecteur principal des Finances publiques;Les Républicains;LR
721062;Jean-Hugues;Ratenon;Réunion;Réunion;5;Employé (secteur privé);La France insoumise - Nouvelle Union Populaire écologique et sociale;LFI - NUPES
719388;Annaïg;Le Meur;Bretagne;Finistère;1;Autre profession libérale;Renaissance;RE
774109;Clément;Beaune;Ile-de-France;Paris;7;Cadre de la fonction publique;Renaissance;RE
795868;Jean-Victor;Castor;Guyane;Guyane;1;Cadre technique d'entreprise;Gauche démocrate et républicaine - NUPES;GDR - NUPES
588884;Clémentine;Autain;Ile-de-France;Seine-Saint-Denis;11;Journaliste et autre média;La France insoumise - Nouvelle Union Populaire écologique et sociale;LFI - NUPES
793992;Henri;Alfandari;Centre-Val de Loire;Indre-et-Loire;3;Ancien artisan, commerçant, chef d'entreprise;Horizons et apparentés;HOR
794786;Emmanuel;Fernandes;Grand Est;Bas-Rhin;2;Profession intermédiaire administrative et commerciale des entreprises;La France insoumise - Nouvelle Union Populaire écologique et sociale;LFI - NUPES
795100;Éric;Martineau;Pays de la Loire;Sarthe;3;Agriculteur sur moyenne exploitation;Démocrate (MoDem et Indépendants);Dem
794494;Roger;Vicot;Hauts-de-France;Nord;11;Intervenant en communication;Socialistes et apparentés;SOC
720952;Aurélien;Taché;Ile-de-France;Val-d'Oise;10;Fonctionnaire de catégorie A;Écologiste - NUPES;Ecolo - NUPES
717379;Sylvain;Maillard;Ile-de-France;Paris;1;Industriel-Chef d'entreprise;Renaissance;RE
719472;Jean-René;Cazeneuve;Occitanie;Gers;1;Ingénieur;Renaissance;RE
796010;Frédéric;Maillot;Réunion;Réunion;6;Intervenant social;Gauche démocrate et républicaine - NUPES;GDR - NUPES
793724;Michel;Sala;Occitanie;Gard;5;Ancien cadre du secteur bancaire;La France insoumise - Nouvelle Union Populaire écologique et sociale;LFI - NUPES
774962;Karine;Lebon;Réunion;Réunion;2;Professeure des écoles;Gauche démocrate et républicaine - NUPES;GDR - NUPES
719890;Danielle;Brulebois;Bourgogne-Franche-Comté;Jura;1;Retraitée de l'enseignement;Renaissance;RE
720728;Jean-Paul;Mattei;Nouvelle-Aquitaine;Pyrénées-Atlantiques;2;Notaire;Démocrate (MoDem et Indépendants);Dem
793592;Géraldine;Grangier;Bourgogne-Franche-Comté;Doubs;4;Profession intermédiaire administrative de la fonction publique;Rassemblement National;RN
721094;Philippe;Dunoyer;Nouvelle-Calédonie;Nouvelle-Calédonie;1;Fonctionnaire de catégorie A;Renaissance;RE
794570;Alexandre;Sabatou;Hauts-de-France;Oise;3;Chef de projets SI;Rassemblement National;RN
642695;Éric;Bothorel;Bretagne;Côtes-d'Armor;5;Cadre supérieur (secteur privé);Renaissance;RE
722134;Jean-Marie;Fiévet;Nouvelle-Aquitaine;Deux-Sèvres;3;Fonctionnaire de catégorie B;Renaissance;RE
333285;Guillaume;Garot;Pays de la Loire;Mayenne;1;Cadre administratif;Socialistes et apparentés;SOC
719632;Sophie;Panonacle;Nouvelle-Aquitaine;Gironde;8;Sans profession déclarée;Renaissance;RE
794670;Caroline;Parmentier;Hauts-de-France;Pas-de-Calais;9;Attachée de Presse;Rassemblement National;RN
266793;Jean-Yves;Bony;Auvergne-Rhône-Alpes;Cantal;2;Exploitant agricole;Les Républicains;LR
267901;Mansour;Kamardine;Mayotte;Mayotte;2;Avocat;Les Républicains;LR
794994;Alexandre;Portier;Auvergne-Rhône-Alpes;Rhône;9;Professeur, profession scientifique;Les Républicains;LR
719488;Philippe;Berta;Occitanie;Gard;6;Professeur de faculté;Démocrate (MoDem et Indépendants);Dem
607395;Stéphane;Travert;Normandie;Manche;3;Cadre secteur privé;Renaissance;RE
722374;Cyrille;Isaac-Sibille;Auvergne-Rhône-Alpes;Rhône;12;Médecin;Démocrate (MoDem et Indépendants);Dem
793656;Lisette;Pollet;Auvergne-Rhône-Alpes;Drôme;2;Ouvrier qualifié de type industriel;Rassemblement National;RN
330357;Olivier;Dussopt;Auvergne-Rhône-Alpes;Ardèche;2;Assistant parlementaire;Renaissance;RE
795884;Marc;Ferracci;Français établis hors de France;Français établis hors de France;6;Professeur, profession scientifique;Renaissance;RE
794798;Françoise;Buffet;Grand Est;Bas-Rhin;4;Ancien artisan, commerçant, chef d'entreprise;Renaissance;RE
720992;Jiovanny;William;Martinique;Martinique;1;Profession libérale;Gauche démocrate et républicaine - NUPES;GDR - NUPES
794510;Christine;Decodts;Hauts-de-France;Nord;13;Ancien cadre;Renaissance;RE
796106;Édouard;Bénard;Normandie;Seine-Maritime;3;Collaborateur d'élu;Gauche démocrate et républicaine - NUPES;GDR - NUPES
720586;Pierre;Vatin;Hauts-de-France;Oise;5;Permanent politique;Les Républicains;LR
719138;Michel;Castellani;Corse;Haute-Corse;1;Professeur des Universités;Libertés, Indépendants, Outre-mer et Territoires;LIOT
817211;René;Pilato;Nouvelle-Aquitaine;Charente;1;Enseignant;La France insoumise - Nouvelle Union Populaire écologique et sociale;LFI - NUPES
720560;Perrine;Goulet;Bourgogne-Franche-Comté;Nièvre;1;Autre cadre (secteur privé);Démocrate (MoDem et Indépendants);Dem
795616;Carlos Martens;Bilongo;Ile-de-France;Val-d'Oise;8;Professeur, profession scientifique;La France insoumise - Nouvelle Union Populaire écologique et sociale;LFI - NUPES
720092;Richard;Ramos;Centre-Val de Loire;Loiret;6;Autre cadre (secteur privé);Démocrate (MoDem et Indépendants);Dem
793290;Gisèle;Lelouis;Provence-Alpes-Côte d'Azur;Bouches-du-Rhône;3;Ancien employé ;Rassemblement National;RN
721486;Christophe;Naegelen;Grand Est;Vosges;3;Industriel-Chef d'entreprise;Libertés, Indépendants, Outre-mer et Territoires;LIOT
794854;Inaki;Echaniz;Nouvelle-Aquitaine;Pyrénées-Atlantiques;4;Cadre de la fonction publique;Socialistes et apparentés;SOC
719294;Mireille;Clapot;Auvergne-Rhône-Alpes;Drôme;1;Cadre supérieur (entreprises publiques);Renaissance;RE
795820;Marcellin;Nadeau;Martinique;Martinique;2;Cadre de la fonction publique;Gauche démocrate et républicaine - NUPES;GDR - NUPES
794166;Matthias;Tavel;Pays de la Loire;Loire-Atlantique;8;Cadre de la fonction publique;La France insoumise - Nouvelle Union Populaire écologique et sociale;LFI - NUPES
719080;Sandra;Marsaud;Nouvelle-Aquitaine;Charente;2;Cadre (entreprises publiques);Renaissance;RE
721896;Elsa;Faucillon;Ile-de-France;Hauts-de-Seine;1;Employée du secteur privé;Gauche démocrate et républicaine - NUPES;GDR - NUPES
267042;Yannick;Favennec-Bécot;Pays de la Loire;Mayenne;3;Directeur de cabinet;Libertés, Indépendants, Outre-mer et Territoires;LIOT
795298;Jérôme;Legavre;Ile-de-France;Seine-Saint-Denis;12;Professeur de lettres;La France insoumise - Nouvelle Union Populaire écologique et sociale;LFI - NUPES
720614;Marine;Le Pen;Hauts-de-France;Pas-de-Calais;11;Avocate;Rassemblement National;RN
793432;Franck;Allisio;Provence-Alpes-Côte d'Azur;Bouches-du-Rhône;12;Profession libérale;Rassemblement National;RN
720354;Jean-Michel;Jacques;Bretagne;Morbihan;6;Infirmier des forces spéciales;Renaissance;RE
718930;Anne-Laurence;Petel;Provence-Alpes-Côte d'Azur;Bouches-du-Rhône;14;Chargée des relations extérieures - secteur télécom;Renaissance;RE
720908;Naïma;Moutchou;Ile-de-France;Val-d'Oise;4;Avocat;Horizons et apparentés;HOR
794278;Xavier;Albertini;Grand Est;Marne;1;Profession libérale;Horizons et apparentés;HOR
719318;Emmanuelle;Anthoine;Auvergne-Rhône-Alpes;Drôme;4;Avocate;Les Républicains;LR
720170;Carole;Grandjean;Grand Est;Meurthe-et-Moselle;1;Cadre supérieur (secteur privé);Renaissance;RE
793218;Jordan;Guitton;Grand Est;Aube;1;Assistant Parlementaire;Rassemblement National;RN
794810;Louise;Morel;Grand Est;Bas-Rhin;6;Cadre administratif et commercial d'entreprise;Démocrate (MoDem et Indépendants);Dem
266788;Pierre;Morel-À-L'Huissier;Occitanie;Lozère;1;Avocat;Libertés, Indépendants, Outre-mer et Territoires;LIOT
605069;Jean-Louis;Bricout;Hauts-de-France;Aisne;3;Cadre (secteur privé);Libertés, Indépendants, Outre-mer et Territoires;LIOT
794522;Pierrick;Berteloot;Hauts-de-France;Nord;15;Assistant Maitre d'Équipage - Assistant Toutes Catégories;Rassemblement National;RN
795374;Pascal;Lecamp;Nouvelle-Aquitaine;Vienne;3;Cadre administratif et commercial d'entreprise;Démocrate (MoDem et Indépendants);Dem
794106;Andrée;Taurinya;Auvergne-Rhône-Alpes;Loire;2;Professeur, profession scientifique ;La France insoumise - Nouvelle Union Populaire écologique et sociale;LFI - NUPES
817203;Laure;Miller;Grand Est;Marne;2;Avocate;Renaissance;RE
720630;Maxime;Minot;Hauts-de-France;Oise;7;Employé (secteur privé);Les Républicains;LR
719154;Didier;Martin;Bourgogne-Franche-Comté;Côte-d'Or;1;Neuroradiologue;Renaissance;RE
1567;Jérôme;Guedj;Ile-de-France;Essonne;6;Inspecteur général des Affaires sociales;Socialistes et apparentés;SOC
720422;Adrien;Quatennens;Hauts-de-France;Nord;1;Employé (secteur privé);La France insoumise - Nouvelle Union Populaire écologique et sociale;LFI - NUPES
719914;Geneviève;Darrieussecq;Nouvelle-Aquitaine;Landes;1;Médecin;Démocrate (MoDem et Indépendants);Dem
721916;Natalia;Pouzyreff;Ile-de-France;Yvelines;6;Ingénieure;Renaissance;RE
720014;Huguette;Tiegna;Occitanie;Lot;2;Docteur, Ingénieur Recherche et Dévelopement;Renaissance;RE
793928;Edwige;Diaz;Nouvelle-Aquitaine;Gironde;11;Cadre administratif et commercial d'entreprise;Rassemblement National;RN
793306;Philippe;Pradal;Provence-Alpes-Côte d'Azur;Alpes-Maritimes;3;Expert comptable;Horizons et apparentés;HOR
736201;Sophie;Taillé-Polian;Ile-de-France;Val-de-Marne;11;Cadre de la fonction publique;Écologiste - NUPES;Ecolo - NUPES
1630;Michel;Herbillon;Ile-de-France;Val-de-Marne;8;Cadre supérieur;Les Républicains;LR
794178;Jean-Pierre;Taite;Auvergne-Rhône-Alpes;Loire;6;Ancien artisan, commerçant, chef d'entreprise;Les Républicains;LR
793110;Léo;Walter;Provence-Alpes-Côte d'Azur;Alpes-de-Haute-Provence;2;Directeur d'école;La France insoumise - Nouvelle Union Populaire écologique et sociale;LFI - NUPES
795762;Elie;Califer;Guadeloupe;Guadeloupe;4;Ancien cadre;Socialistes et apparentés;SOC
795310;Clémence;Guetté;Ile-de-France;Val-de-Marne;2;Responsable du programme LFI;La France insoumise - Nouvelle Union Populaire écologique et sociale;LFI - NUPES
794686;Marianne;Maximi;Auvergne-Rhône-Alpes;Puy-de-Dôme;1;Profession intermédiaire de la santé et du travail social;La France insoumise - Nouvelle Union Populaire écologique et sociale;LFI - NUPES
795244;Stéphane;Lenormand;Saint-Pierre-et-Miquelon;Saint-Pierre-et-Miquelon;1;Ancien cadre;Libertés, Indépendants, Outre-mer et Territoires;LIOT
719822;Sabine;Thillaye;Centre-Val de Loire;Indre-et-Loire;5;Ancien Chef d'entreprise;Démocrate (MoDem et Indépendants);Dem
793382;Emmanuel;Taché de la Pagerie;Provence-Alpes-Côte d'Azur;Bouches-du-Rhône;16;Cadre de la fonction publique;Rassemblement National;RN
721844;Béatrice;Piron;Ile-de-France;Yvelines;3;Chef d'entreprise;Renaissance;RE
720222;Éric;Girardin;Grand Est;Marne;3;Industriel-Chef d'entreprise;Renaissance;RE
267318;Jean-Carles;Grelier;Pays de la Loire;Sarthe;5;Avocat;Renaissance;RE
793230;Angélique;Ranc;Grand Est;Aube;3;Sans activité professionnelle;Rassemblement National;RN
344201;Bertrand;Petit;Hauts-de-France;Pas-de-Calais;8;Personne diverse sans activité professionnelle de moins de 60 ans (sauf retraité;Socialistes et apparentés;SOC
643175;Stella;Dupont;Pays de la Loire;Maine-et-Loire;2;Comptable;Renaissance;RE
719404;Didier;Le Gac;Bretagne;Finistère;3;Profession rattachée à l'enseignement;Renaissance;RE
793166;Jocelyn;Dessigny;Hauts-de-France;Aisne;5;Cadre administratif et commercial d'entreprise;Rassemblement National;RN
791824;Sarah;Legrain;Ile-de-France;Paris;16;Professeure de français;La France insoumise - Nouvelle Union Populaire écologique et sociale;LFI - NUPES
795386;Mathieu;Lefèvre;Ile-de-France;Val-de-Marne;5;Cadre de la fonction publique;Renaissance;RE
794058;Justine;Gruet;Bourgogne-Franche-Comté;Jura;3;Masseur Kinésithérapeute;Les Républicains;LR
795184;Tematai;Le Gayic;Polynésie française;Polynésie Française;1;étudiant;Gauche démocrate et républicaine - NUPES;GDR - NUPES
793322;Christelle;D'Intorni;Provence-Alpes-Côte d'Azur;Alpes-Maritimes;5;Avocate;Les Républicains;LR
722038;Damien;Adam;Normandie;Seine-Maritime;1;Cadre supérieur (secteur privé);Renaissance;RE
607090;Jean-Pierre;Vigier;Auvergne-Rhône-Alpes;Haute-Loire;2;Fonctionnaire de catégorie A;Les Républicains;LR
722284;Bruno;Fuchs;Grand Est;Haut-Rhin;6;Chef d'entreprise;Démocrate (MoDem et Indépendants);Dem
793744;Anne;Stambach-Terrenoir;Occitanie;Haute-Garonne;2;Sans profession déclarée;La France insoumise - Nouvelle Union Populaire écologique et sociale;LFI - NUPES
267336;Joël;Giraud;Provence-Alpes-Côte d'Azur;Hautes-Alpes;2;Administrateur civil hors-classe;Renaissance;RE
795258;Frantz;Gumbs;Saint-Barthélemy et Saint-Martin;Saint-Barthélemy et Saint-Martin;1;Personnel de direction de l'éducation nationale;Démocrate (MoDem et Indépendants);Dem
794008;Cyrielle;Chatelain;Auvergne-Rhône-Alpes;Isère;2;Cadre de la fonction publique;Écologiste - NUPES;Ecolo - NUPES
266808;Vincent;Rolland;Auvergne-Rhône-Alpes;Savoie;2;Collaborateur parlementaire;Les Républicains;LR
795058;Julien;Bayou;Ile-de-France;Paris;5;Avocat;Écologiste - NUPES;Ecolo - NUPES
719338;Graziella;Melchior;Bretagne;Finistère;5;Professeure agrégée;Renaissance;RE
793182;Jorys;Bovet;Auvergne-Rhône-Alpes;Allier;2;Chauffeur-livreur;Rassemblement National;RN
796026;Julie;Lechanteux;Provence-Alpes-Côte d'Azur;Var;5;;Rassemblement National;RN
721158;Pieyre-Alexandre;Anglade;Français établis hors de France;Français établis hors de France;4;Agent contractuel au Parlement européen;Renaissance;RE
794946;Antoine;Villedieu;Bourgogne-Franche-Comté;Haute-Saône;1;Policier;Rassemblement National;RN
795958;Benjamin;Haddad;Ile-de-France;Paris;14;Professeur, profession scientifique;Renaissance;RE
719718;Laurence;Maillart-Méhaignerie;Bretagne;Ille-et-Vilaine;2;Chef entreprise;Renaissance;RE
720772;Vincent;Bru;Nouvelle-Aquitaine;Pyrénées-Atlantiques;6;Professeur de faculté;Démocrate (MoDem et Indépendants);Dem
793616;Kévin;Mauvieux;Normandie;Eure;3;Conseiller en assurance;Rassemblement National;RN
795836;Frédéric;Cabrolier;Occitanie;Tarn;1;Conseiller protection sociale (Assurances);Rassemblement National;RN
795200;Alma;Dufour;Normandie;Seine-Maritime;4;Responsable associative;La France insoumise - Nouvelle Union Populaire écologique et sociale;LFI - NUPES
719578;Loïc;Prud'homme;Nouvelle-Aquitaine;Gironde;3;Fonctionnaire de catégorie B;La France insoumise - Nouvelle Union Populaire écologique et sociale;LFI - NUPES
794450;Emmanuel;Lacresse;Grand Est;Meurthe-et-Moselle;2;Cadre de la fonction publique;Renaissance;RE
793876;Laurence;Cristol;Occitanie;Hérault;3;Médecin spécialiste en onco-gériatrie;Renaissance;RE
793444;Manuel;Bompard;Provence-Alpes-Côte d'Azur;Bouches-du-Rhône;4;Ingénieur;La France insoumise - Nouvelle Union Populaire écologique et sociale;LFI - NUPES
722344;Hubert;Julien-Laferrière;Auvergne-Rhône-Alpes;Rhône;2;Professeur certifié de SES;Non inscrit;NI
793756;François;Piquemal;Occitanie;Haute-Garonne;4;Enseignant;La France insoumise - Nouvelle Union Populaire écologique et sociale;LFI - NUPES
793680;Catherine;Couturier;Nouvelle-Aquitaine;Creuse;1;Ancienne profession intermédiaire;La France insoumise - Nouvelle Union Populaire écologique et sociale;LFI - NUPES
795572;Denis;Bernaert;Ile-de-France;Yvelines;4;;Renaissance;RE
795900;Marine;Hamelet;Occitanie;Tarn-et-Garonne;2;Profession intermédiaire administrative et commerciale des entreprises ;Rassemblement National;RN
335612;Jean-Paul;Lecoq;Normandie;Seine-Maritime;8;Fonctionnaire de catégorie B;Gauche démocrate et républicaine - NUPES;GDR - NUPES
794818;Stéphanie;Kochert;Grand Est;Bas-Rhin;8;Profession intermédiaire de la santé et du travail social;Horizons et apparentés;HOR
793560;Anne-Laure;Babault;Nouvelle-Aquitaine;Charente-Maritime;2;Cadre administratif et commercial d'entreprise;Démocrate (MoDem et Indépendants);Dem
794538;Thibaut;François;Hauts-de-France;Nord;17;Cadre de la fonction publique;Rassemblement National;RN
1206;Nicolas;Dupont-Aignan;Ile-de-France;Essonne;8;Administrateur de l'Etat;Non inscrit;NI
794402;Charlotte;Leduc;Grand Est;Moselle;3;Archéozoologue;La France insoumise - Nouvelle Union Populaire écologique et sociale;LFI - NUPES
719550;Liliana;Tanguy;Bretagne;Finistère;7;Cadre supérieur du secteur public;Renaissance;RE
794626;Benjamin;Saint-Huile;Hauts-de-France;Nord;3;Chargé de mission;Libertés, Indépendants, Outre-mer et Territoires;LIOT
796042;Frédéric;Boccaletti;Provence-Alpes-Côte d'Azur;Var;7;;Rassemblement National;RN
722382;Benjamin;Dirx;Bourgogne-Franche-Comté;Saône-et-Loire;1;Industriel-Chef d'entreprise;Renaissance;RE
794354;Hélène;Laporte;Nouvelle-Aquitaine;Lot-et-Garonne;2;Analyste bancaire;Rassemblement National;RN
795974;Philippe;Lottiaux;Provence-Alpes-Côte d'Azur;Var;4;Cadre de la fonction publique;Rassemblement National;RN
795516;Maxime;Laisney;Ile-de-France;Seine-et-Marne;10;Professeur des écoles, instituteur et assimilé;La France insoumise - Nouvelle Union Populaire écologique et sociale;LFI - NUPES
794878;Benoit;Mournet;Occitanie;Hautes-Pyrénées;2;Cadre de la fonction publique;Renaissance;RE
793632;Timothée;Houssin;Normandie;Eure;5;Cadre ;Rassemblement National;RN
721584;Jean;Terlier;Occitanie;Tarn;3;Avocat;Renaissance;RE
720644;Jérôme;Nury;Normandie;Orne;3;Cadre de la fonction publique;Les Républicains;LR
720480;Charlotte;Parmentier-Lecocq;Hauts-de-France;Nord;6;Industriel-Chef d'entreprise;Renaissance;RE
793892;Stéphanie;Galzy;Occitanie;Hérault;5;Employé administratif d'entreprise;Rassemblement National;RN
720704;Laurence;Vichnievsky;Auvergne-Rhône-Alpes;Puy-de-Dôme;3;Magistrat;Démocrate (MoDem et Indépendants);Dem
340643;Lionel;Royer-Perreaut;Provence-Alpes-Côte d'Azur;Bouches-du-Rhône;6;Cadre;Renaissance;RE
795644;Nathalie;Da Conceicao Carvalho;Ile-de-France;Essonne;2;Profession libérale;Rassemblement National;RN
721328;Anne;Brugnera;Auvergne-Rhône-Alpes;Rhône;4;Fonctionnaire de catégorie A;Renaissance;RE
793394;Arthur;Delaporte;Normandie;Calvados;2;Professeur, profession scientifique;Socialistes et apparentés;SOC
721908;Yaël;Braun-Pivet;Ile-de-France;Yvelines;5;Avocate;Renaissance;RE
942;Charles;de Courson;Grand Est;Marne;5;Conseiller référendaire honoraire à la Cour des comptes;Libertés, Indépendants, Outre-mer et Territoires;LIOT
793696;Serge;Muller;Nouvelle-Aquitaine;Dordogne;2;Profession intermédiaire de la santé et du travail social ;Rassemblement National;RN
793246;Frédéric;Falcon;Occitanie;Aude;2;Commerçant et assimilé ;Rassemblement National;RN
795912;Laure;Lavalette;Provence-Alpes-Côte d'Azur;Var;2;;Rassemblement National;RN
643184;Brigitte;Klinkert;Grand Est;Haut-Rhin;1;Ancien cadre;Renaissance;RE
719108;Raphaël;Gérard;Nouvelle-Aquitaine;Charente-Maritime;4;Cadre supérieur (secteur privé);Renaissance;RE
720468;Sébastien;Chenu;Hauts-de-France;Nord;19;Conseiller en communication;Rassemblement National;RN
719910;Mounir;Belhamiti;Pays de la Loire;Loire-Atlantique;1;Ingénieur en informatique – Directeur de missions ;Renaissance;RE
719202;Didier;Paris;Bourgogne-Franche-Comté;Côte-d'Or;5;Cadre supérieur (secteur privé) ;Renaissance;RE
720960;Olivier;Serva;Guadeloupe;Guadeloupe;1;Expert comptable;Libertés, Indépendants, Outre-mer et Territoires;LIOT
794410;Vincent;Seitlinger;Grand Est;Moselle;5;Notaire;Les Républicains;LR
794638;Victor;Catteau;Hauts-de-France;Nord;5;Juriste;Rassemblement National;RN
793398;Jérémie;Patrier-Leitus;Normandie;Calvados;3;Cadre de la fonction publique;Horizons et apparentés;HOR
607553;Dominique;Potier;Grand Est;Meurthe-et-Moselle;5;Agriculteur;Socialistes et apparentés;SOC
718784;Éric;Pauget;Provence-Alpes-Côte d'Azur;Alpes-Maritimes;7;Autre cadre (secteur privé);Les Républicains;LR
721608;Jean-Louis;Bourlanges;Ile-de-France;Hauts-de-Seine;12;Retraité de la fonction publique;Démocrate (MoDem et Indépendants);Dem
717161;Élisabeth;Borne;Normandie;Calvados;6;Ingénieur et cadre technique d'entreprise;Renaissance;RE
795528;Charles;Rodwell;Ile-de-France;Yvelines;1;Cadre de la fonction publique;Renaissance;RE
720146;Denis;Masséglia;Pays de la Loire;Maine-et-Loire;5;Ingénieur Arts et métiers;Renaissance;RE
794894;Anaïs;Sabatini;Occitanie;Pyrénées-Orientales;2;Avocate;Rassemblement National;RN
642788;Olivier;Véran;Auvergne-Rhône-Alpes;Isère;1;Médecin neurologue hospitalier;Renaissance;RE
795466;Ersilia;Soudais;Ile-de-France;Seine-et-Marne;7;Professeur, profession scientifique;La France insoumise - Nouvelle Union Populaire écologique et sociale;LFI - NUPES
719922;Lionel;Causse;Nouvelle-Aquitaine;Landes;2;Autre cadre (secteur privé);Renaissance;RE
330008;Xavier;Breton;Auvergne-Rhône-Alpes;Ain;1;Cadre territorial;Les Républicains;LR
795778;Jean-Philippe;Tanguy;Hauts-de-France;Somme;4;Cadre administratif et commercial d'entreprise;Rassemblement National;RN
794478;David;Guiraud;Hauts-de-France;Nord;8;Cadre administratif d'entreprise;La France insoumise - Nouvelle Union Populaire écologique et sociale;LFI - NUPES
721150;Alexandre;Holroyd;Français établis hors de France;Français établis hors de France;3;Cadre;Renaissance;RE
267306;André;Chassaigne;Auvergne-Rhône-Alpes;Puy-de-Dôme;5;Retraité de l'éducation nationale;Gauche démocrate et républicaine - NUPES;GDR - NUPES
719052;Loïc;Kervran;Centre-Val de Loire;Cher;3;Autre cadre (secteur privé);Horizons et apparentés;HOR
795326;Christopher;Weissberg;Français établis hors de France;Français établis hors de France;1;Chef d'entreprise;Renaissance;RE
722252;Marie-Pierre;Rixain;Ile-de-France;Essonne;4;Consultante en communication;Renaissance;RE
2960;Éric;Woerth;Hauts-de-France;Oise;4;Associé dans un cabinet d'audit international;Renaissance;RE
342415;Marie-Noëlle;Battistel;Auvergne-Rhône-Alpes;Isère;4;Autre cadre (secteur privé);Socialistes et apparentés;SOC
795580;Florian;Chauche;Bourgogne-Franche-Comté;Territoire de Belfort;2;Fonctionnaire territorial - Agent du service courrier;La France insoumise - Nouvelle Union Populaire écologique et sociale;LFI - NUPES
720066;Stéphanie;Rist;Centre-Val de Loire;Loiret;1;Médecin;Renaissance;RE
795136;Jean-François;Coulomme;Auvergne-Rhône-Alpes;Savoie;4;Ingénieur commercial;La France insoumise - Nouvelle Union Populaire écologique et sociale;LFI - NUPES
677483;Stéphane;Mazars;Occitanie;Aveyron;1;Avocat;Renaissance;RE
721722;Hadrien;Ghomi;Ile-de-France;Seine-et-Marne;8;Cadre de la fonction publique;Renaissance;RE
718838;Fabrice;Brun;Auvergne-Rhône-Alpes;Ardèche;3;Industriel-Chef d'entreprise;Les Républicains;LR
795406;Isabelle;Périgault;Ile-de-France;Seine-et-Marne;4;Directrice administrative;Les Républicains;LR
794138;Ségolène;Amiot;Pays de la Loire;Loire-Atlantique;3;Employé administratif d'entreprise;La France insoumise - Nouvelle Union Populaire écologique et sociale;LFI - NUPES
794650;Jean-Marc;Tellier;Hauts-de-France;Pas-de-Calais;3;Ancien cadre;Gauche démocrate et républicaine - NUPES;GDR - NUPES
794082;Mathilde;Hignet;Bretagne;Ille-et-Vilaine;4;Ouvrière agricole;La France insoumise - Nouvelle Union Populaire écologique et sociale;LFI - NUPES
333421;Bertrand;Pancher;Grand Est;Meuse;1;Directeur du développement;Libertés, Indépendants, Outre-mer et Territoires;LIOT
722202;Sébastien;Jumel;Normandie;Seine-Maritime;6;Cadre de la fonction publique;Gauche démocrate et républicaine - NUPES;GDR - NUPES
719624;Bérangère;Couillard;Nouvelle-Aquitaine;Gironde;7;Autre cadre (secteur privé);Renaissance;RE
793964;Grégoire;de Fournas;Nouvelle-Aquitaine;Gironde;5;Viticulteur;Rassemblement National;RN
267794;Michèle;Tabarot;Provence-Alpes-Côte d'Azur;Alpes-Maritimes;9;Chef d'entreprise;Les Républicains;LR
795540;Daniel;Grenon;Bourgogne-Franche-Comté;Yonne;1;Ancien artisan, commerçant, chef d'entreprise;Rassemblement National;RN
793194;Lionel;Vuibert;Grand Est;Ardennes;1;Cadre d'entreprise de 10 salariés ou plus;Renaissance;RE
796118;Bénédicte;Auzanot;Provence-Alpes-Côte d'Azur;Vaucluse;2;;Rassemblement National;RN
331835;Monique;Iborra;Occitanie;Haute-Garonne;6;Retraitée de la Fonction publique;Renaissance;RE
718674;Olga;Givernet;Auvergne-Rhône-Alpes;Ain;3;Ingénieure aéronautique;Renaissance;RE
721530;Aude;Luquet;Ile-de-France;Seine-et-Marne;1;Autre profession;Démocrate (MoDem et Indépendants);Dem
719756;Christine;Le Nabour;Bretagne;Ille-et-Vilaine;5;Employée (secteur privé);Renaissance;RE
795278;Béatrice;Bellamy;Pays de la Loire;Vendée;2;Cadre administratif et commercial d'entreprise;Horizons et apparentés;HOR
794030;Alexis;Jolly;Auvergne-Rhône-Alpes;Isère;6;Commerçant et assimilé;Rassemblement National;RN
795596;Paul;Vannier;Ile-de-France;Val-d'Oise;5;Professeur d'histoire-géographie;La France insoumise - Nouvelle Union Populaire écologique et sociale;LFI - NUPES
795144;Antoine;Armand;Auvergne-Rhône-Alpes;Haute-Savoie;2;Cadre de la fonction publique;Renaissance;RE
795076;Sandrine;Rousseau;Ile-de-France;Paris;9;Professeur, profession scientifique;Écologiste - NUPES;Ecolo - NUPES
793832;Yoann;Gillet;Occitanie;Gard;1;Cadre de la fonction publique;Rassemblement National;RN
721202;Éric;Coquerel;Ile-de-France;Seine-Saint-Denis;1;Industriel-Chef d'entreprise;La France insoumise - Nouvelle Union Populaire écologique et sociale;LFI - NUPES
795410;Béatrice;Roullaud;Ile-de-France;Seine-et-Marne;6;Profession libérale;Rassemblement National;RN
722398;Rémy;Rebeyrotte;Bourgogne-Franche-Comté;Saône-et-Loire;3;Professeur d'économie;Renaissance;RE
822617;Martine;Froger;Occitanie;Ariège;1;Chef d'entreprise;Libertés, Indépendants, Outre-mer et Territoires;LIOT
722000;Stéphane;Buchou;Pays de la Loire;Vendée;3;Cadre supérieur (secteur privé);Renaissance;RE
606098;Olivier;Marleix;Centre-Val de Loire;Eure-et-Loir;2;Fonctionnaire de catégorie A;Les Républicains;LR
345722;Constance;Le Grip;Ile-de-France;Hauts-de-Seine;6;Conseillère parlementaire;Renaissance;RE
795216;Jean-François;Lovisolo;Provence-Alpes-Côte d'Azur;Vaucluse;5;Maire;Renaissance;RE
1327;Nicolas;Forissier;Centre-Val de Loire;Indre;2;Chef d'entreprise;Les Républicains;LR
794762;Sandrine;Dogor-Such;Occitanie;Pyrénées-Orientales;3;Préparatrice en pharmacie;Rassemblement National;RN
793904;Aurélien;Lopez-Liguori;Occitanie;Hérault;7;Attaché parlementaire;Rassemblement National;RN
720838;Soumya;Bourouaha;Ile-de-France;Seine-Saint-Denis;4;Professeure;Gauche démocrate et républicaine - NUPES;GDR - NUPES
719968;Sylvie;Bonnet;Auvergne-Rhône-Alpes;Loire;4;Collaboratrice parlementaire;Les Républicains;LR
719190;Philippe;Frei;Bourgogne-Franche-Comté;Côte-d'Or;3;Cadre du secteur privé;Renaissance;RE
608826;Virginie;Duby-Muller;Auvergne-Rhône-Alpes;Haute-Savoie;4;Cadre du secteur privé;Les Républicains;LR
642764;Joël;Aviragnet;Occitanie;Haute-Garonne;8;Directeur d'un établissement pour l'enfance handicapée;Socialistes et apparentés;SOC
605036;Damien;Abad;Auvergne-Rhône-Alpes;Ain;5;Sans profession déclarée;Renaissance;RE
793708;Sébastien;Peytavie;Nouvelle-Aquitaine;Dordogne;4;Profession intermédiaire de la santé et du travail social;Écologiste - NUPES;Ecolo - NUPES
795926;Emmanuel;Pellerin;Ile-de-France;Hauts-de-Seine;9;Profession libérale;Renaissance;RE
719866;Caroline;Abadie;Auvergne-Rhône-Alpes;Isère;8;Industriel-Chef entreprise;Renaissance;RE
794838;Didier;Lemaire;Grand Est;Haut-Rhin;3;Employé civil et agent de service de la fonction publique;Horizons et apparentés;HOR
719118;François;Cormier-Bouligeon;Centre-Val de Loire;Cher;1;Conseiller ministériel;Renaissance;RE
721210;Alexis;Corbière;Ile-de-France;Seine-Saint-Denis;7;Professeur de lycée professionnel;La France insoumise - Nouvelle Union Populaire écologique et sociale;LFI - NUPES
720696;Béatrice;Descamps;Hauts-de-France;Nord;21;Enseignant 1er deg.-directeur école;Libertés, Indépendants, Outre-mer et Territoires;LIOT
795722;Karl;Olive;Ile-de-France;Yvelines;12;Chef d'entreprise;Renaissance;RE
794426;Anne;Le Hénanff;Bretagne;Morbihan;1;Consultante indépendante;Horizons et apparentés;HOR
721760;Maud;Gatel;Ile-de-France;Paris;11;Directrice générale adjointe d'une agence de communication;Démocrate (MoDem et Indépendants);Dem
793844;Pascale;Bordes;Occitanie;Gard;3;Profession libérale ;Rassemblement National;RN
719032;Bertrand;Bouyx;Normandie;Calvados;5;Pharmacien;Horizons et apparentés;HOR
796062;Thomas;Portes;Ile-de-France;Seine-Saint-Denis;3;cheminot;La France insoumise - Nouvelle Union Populaire écologique et sociale;LFI - NUPES
794974;Louis;Margueritte;Bourgogne-Franche-Comté;Saône-et-Loire;5;Cadre de la fonction publique;Renaissance;RE
795998;Emeline;K/Bidi;Réunion;Réunion;4;Avocate;Gauche démocrate et républicaine - NUPES;GDR - NUPES
720162;Philippe;Bolo;Pays de la Loire;Maine-et-Loire;7;Ingénieur;Démocrate (MoDem et Indépendants);Dem
794906;Gabriel;Amard;Auvergne-Rhône-Alpes;Rhône;6;Cadre administratif et commercial d'entreprise;La France insoumise - Nouvelle Union Populaire écologique et sociale;LFI - NUPES
610654;Jean-Philippe;Nilor;Martinique;Martinique;4;Collaborateur parlementaire;La France insoumise - Nouvelle Union Populaire écologique et sociale;LFI - NUPES
795228;Nadège;Abomangoli;Ile-de-France;Seine-Saint-Denis;10;Contrôleure interne et risk manager;La France insoumise - Nouvelle Union Populaire écologique et sociale;LFI - NUPES
794778;Sandra;Regol;Grand Est;Bas-Rhin;1;;Écologiste - NUPES;Ecolo - NUPES
795794;Francesca;Pasquini;Ile-de-France;Hauts-de-Seine;2;Professeur des écoles, instituteur et assimilé;Écologiste - NUPES;Ecolo - NUPES
794718;Christine;Engrand;Hauts-de-France;Pas-de-Calais;6;Cadre administratif et commercial d'entreprise;Rassemblement National;RN
719272;Frédérique;Meunier;Nouvelle-Aquitaine;Corrèze;2;Avocate;Les Républicains;LR
795672;Arnaud;Le Gall;Ile-de-France;Val-d'Oise;9;Cadre de la fonction publique;La France insoumise - Nouvelle Union Populaire écologique et sociale;LFI - NUPES
721458;Xavier;Roseren;Auvergne-Rhône-Alpes;Haute-Savoie;6;Commerçant;Renaissance;RE
794590;Alexandre;Loubet;Grand Est;Moselle;7;Cadre d'entreprise;Rassemblement National;RN
794314;Mathilde;Paris;Centre-Val de Loire;Loiret;3;Chef d'entreprise de 10 salariés ou plus;Rassemblement National;RN
605963;Éric;Alauzet;Bourgogne-Franche-Comté;Doubs;2;Médecin;Renaissance;RE
793270;Jean-François;Rousset;Occitanie;Aveyron;3;Chirurgien;Renaissance;RE
643157;Philippe;Naillet;Réunion;Réunion;1;Inspecteur assurance-vie;Socialistes et apparentés;SOC
795482;Manon;Meunier;Nouvelle-Aquitaine;Haute-Vienne;3;Cadre de la fonction publique;La France insoumise - Nouvelle Union Populaire écologique et sociale;LFI - NUPES
793588;Nicolas;Pacquot;Bourgogne-Franche-Comté;Doubs;3;Ingénieur et cadre technique d'entreprise;Renaissance;RE
794562;Philippe;Ballard;Hauts-de-France;Oise;2;Ancien journaliste;Rassemblement National;RN
793532;Murielle;Lepvraud;Bretagne;Côtes-d'Armor;4;Employé administratif d'entreprise;La France insoumise - Nouvelle Union Populaire écologique et sociale;LFI - NUPES
335999;Delphine;Batho;Nouvelle-Aquitaine;Deux-Sèvres;2;Cadre territorial;Écologiste - NUPES;Ecolo - NUPES
794442;Laurence;Robert-Dehault;Grand Est;Haute-Marne;2;Profession libérale ;Rassemblement National;RN
2449;Jean-Pierre;Pont;Hauts-de-France;Pas-de-Calais;5;Médecin;Renaissance;RE
330909;Vincent;Descoeur;Auvergne-Rhône-Alpes;Cantal;1;Professeur agrégé de biologie;Les Républicains;LR
720342;Nicole;Le Peih;Bretagne;Morbihan;3;Agricultrice;Renaissance;RE
718962;Jean-Marc;Zulesi;Provence-Alpes-Côte d'Azur;Bouches-du-Rhône;8;Autre cadre (secteur privé);Renaissance;RE
795552;Julien;Odoul;Bourgogne-Franche-Comté;Yonne;3;Collaborateur parlementaire;Rassemblement National;RN
720190;Bertrand;Sorre;Normandie;Manche;2;Enseignant 1er degré-directeur d'école (en disponibilité);Renaissance;RE
722366;Jean-Luc;Fugit;Auvergne-Rhône-Alpes;Rhône;11;Professeur de faculté;Renaissance;RE
719396;Jean-Charles;Larsonneur;Bretagne;Finistère;2;Diplomate;Non inscrit;NI
642935;Olivier;Becht;Grand Est;Haut-Rhin;5;Magistrat;Renaissance;RE
2952;Jean-Luc;Warsmann;Grand Est;Ardennes;3;Directeur de mutuelle;Libertés, Indépendants, Outre-mer et Territoires;LIOT
795876;Davy;Rimane;Guyane;Guyane;2;Technicien;Gauche démocrate et républicaine - NUPES;GDR - NUPES
720754;Bruno;Studer;Grand Est;Bas-Rhin;3;Professeur du secondaire et technique;Renaissance;RE
794206;Christophe;Marion;Centre-Val de Loire;Loir-et-Cher;3;Délégué général du Comité des travaux historiques et scientifiques;Renaissance;RE
795774;Ingrid;Dordain;Hauts-de-France;Somme;2;Cheffe de service socio-éducatif;Renaissance;RE
793944;Alexandra;Martin (Gironde);Nouvelle-Aquitaine;Gironde;1;RESPONSABLE CENTRE DE FORMATION;Renaissance;RE
795808;Sabrina;Sebaihi;Ile-de-France;Hauts-de-Seine;4;Profession libérale;Écologiste - NUPES;Ecolo - NUPES
794502;Michaël;Taverne;Hauts-de-France;Nord;12;Policier et militaire;Rassemblement National;RN
643089;Jean-Louis;Thiériot;Ile-de-France;Seine-et-Marne;3;Avocat;Les Républicains;LR
342240;Jean-Luc;Bourgeaux;Bretagne;Ille-et-Vilaine;7;Agriculteur;Les Républicains;LR
719286;Paul-André;Colombani;Corse;Corse-du-Sud;2;Médecin;Libertés, Indépendants, Outre-mer et Territoires;LIOT
793528;Chantal;Bouloux;Bretagne;Côtes-d'Armor;2;Directrice d'Ehpad;Renaissance;RE
721976;Bruno;Millienne;Ile-de-France;Yvelines;9;Cadre supérieur (secteur privé);Démocrate (MoDem et Indépendants);Dem
720552;Isabelle;Rauch;Grand Est;Moselle;9;Consultante;Horizons et apparentés;HOR
720932;Dominique;Da Silva;Ile-de-France;Val-d'Oise;7;Industriel-Chef d'entreprise;Renaissance;RE
794330;Anthony;Brosse;Centre-Val de Loire;Loiret;5;Profession intermédiaire de la santé et du travail social;Renaissance;RE
718910;Claire;Colomb-Pitollat;Provence-Alpes-Côte d'Azur;Bouches-du-Rhône;2;Ingénieure;Renaissance;RE
721482;David;Valence;Grand Est;Vosges;2;Professeur agrégé;Renaissance;RE
1592;David;Habib;Nouvelle-Aquitaine;Pyrénées-Atlantiques;3;Cadre;Non inscrit;NI
795422;Damien;Maudet;Nouvelle-Aquitaine;Haute-Vienne;1;Cadre administratif et commercial d'entreprise;La France insoumise - Nouvelle Union Populaire écologique et sociale;LFI - NUPES
720038;Sandrine;Josso;Pays de la Loire;Loire-Atlantique;7;Autre profession libérale;Démocrate (MoDem et Indépendants);Dem
795746;Antoine;Léaument;Ile-de-France;Essonne;10;Responsable de la communication numérique;La France insoumise - Nouvelle Union Populaire écologique et sociale;LFI - NUPES
722070;Pierre;Henriet;Pays de la Loire;Vendée;5;Professeur du secondaire et technique;Horizons et apparentés;HOR
794678;Thierry;Frappé;Hauts-de-France;Pas-de-Calais;10;Profession libérale;Rassemblement National;RN
718978;Mohamed;Laqhila;Provence-Alpes-Côte d'Azur;Bouches-du-Rhône;11;Expert-Comptable-Commissaire aux Comptes;Démocrate (MoDem et Indépendants);Dem
794386;Lysiane;Métayer;Bretagne;Morbihan;5;Cadre de la fonction publique;Renaissance;RE
719798;Daniel;Labaronne;Centre-Val de Loire;Indre-et-Loire;2;Retraité de l'enseignement supérieur;Renaissance;RE
793362;José;Gonzalez;Provence-Alpes-Côte d'Azur;Bouches-du-Rhône;10;Ancien employé;Rassemblement National;RN
720900;Cécile;Rilhac;Ile-de-France;Val-d'Oise;3;Profession rattachée à l'enseignement;Renaissance;RE
794270;Anna;Pic;Normandie;Manche;4;Professeur, profession scientifique;Socialistes et apparentés;SOC
793210;Laurent;Panifous;Occitanie;Ariège;2;Directeur d'établissements sanitaires et sociaux;Libertés, Indépendants, Outre-mer et Territoires;LIOT
794222;Annick;Cousin;Nouvelle-Aquitaine;Lot-et-Garonne;3;Agent administratif hospitalier;Rassemblement National;RN
795688;Philippe;Emmanuel;Ile-de-France;Yvelines;10;retraité;Renaissance;RE
712015;Julien;Dive;Hauts-de-France;Aisne;2;Chef de projet dans l'industrie;Les Républicains;LR
722150;Sacha;Houlié;Nouvelle-Aquitaine;Vienne;2;Avocat;Renaissance;RE
719778;François;Jolivet;Centre-Val de Loire;Indre;1;Cadre supérieur (secteur privé);Horizons et apparentés;HOR
720006;Luc;Geismar;Pays de la Loire;Loire-Atlantique;5;Directeur régional des ventes;Démocrate (MoDem et Indépendants);Dem
794734;Michel;Guiniot;Hauts-de-France;Oise;6;Ancien cadre;Rassemblement National;RN
719882;Marjolaine;Meynier-Millefert;Auvergne-Rhône-Alpes;Isère;10;Conseillère en stratégie des organisations;Renaissance;RE
721024;Anne;Genetet;Français établis hors de France;Français établis hors de France;11;Médecin;Renaissance;RE
720100;Aurélien;Pradié;Occitanie;Lot;1;Cadre supérieur (secteur privé);Les Républicains;LR
795164;Aurélie;Trouvé;Ile-de-France;Seine-Saint-Denis;9;Cadre de la fonction publique;La France insoumise - Nouvelle Union Populaire écologique et sociale;LFI - NUPES
606507;Florent;Boudié;Nouvelle-Aquitaine;Gironde;10;Cadre supérieur du secteur public;Renaissance;RE
793298;Lionel;Tivoli;Provence-Alpes-Côte d'Azur;Alpes-Maritimes;2;Chef d'entreprise de 10 salariés ou plus;Rassemblement National;RN
720892;Mathilde;Panot;Ile-de-France;Val-de-Marne;10;Coordinatrice de projets associatifs;La France insoumise - Nouvelle Union Populaire écologique et sociale;LFI - NUPES
796078;Estelle;Youssouffa;Mayotte;Mayotte;1;Consultante;Libertés, Indépendants, Outre-mer et Territoires;LIOT
795438;Rachel;Keke;Ile-de-France;Val-de-Marne;7;Personnel des services directs aux particuliers;La France insoumise - Nouvelle Union Populaire écologique et sociale;LFI - NUPES
720054;Yannick;Haury;Pays de la Loire;Loire-Atlantique;9;Pharmacien;Renaissance;RE
722308;Nathalie;Serre;Auvergne-Rhône-Alpes;Rhône;8;Mère au foyer;Les Républicains;LR
793102;Christian;Girard;Provence-Alpes-Côte d'Azur;Alpes-de-Haute-Provence;1;Ancien cadre;Rassemblement National;RN
720862;Frédéric;Descrozaille;Ile-de-France;Val-de-Marne;1;Autre cadre (secteur privé);Renaissance;RE
795240;Mereana;Reid Arbelot;Polynésie française;Polynésie Française;3;ingénieur en chef du contrôle de la navigation aérienne;Gauche démocrate et républicaine - NUPES;GDR - NUPES
719814;Fabienne;Colboc;Centre-Val de Loire;Indre-et-Loire;4;Industriel-Chef d'entreprise;Renaissance;RE
793374;Romain;Baubry;Provence-Alpes-Côte d'Azur;Bouches-du-Rhône;15;Policier et militaire;Rassemblement National;RN
795108;Élise;Leboucher;Pays de la Loire;Sarthe;4;Educatrice spécialisée;La France insoumise - Nouvelle Union Populaire écologique et sociale;LFI - NUPES
643048;Virginie;Lanlo;Ile-de-France;Hauts-de-Seine;8;SANS PROFESSION DÉCLARÉE;Renaissance;RE
794234;François;Gernigon;Pays de la Loire;Maine-et-Loire;1;Ancien cadre;Horizons et apparentés;HOR
721466;Gilles;Le Gendre;Ile-de-France;Paris;2;Industriel-Chef d'entreprise;Renaissance;RE
793796;David;Taupiac;Occitanie;Gers;2;Consultant aéronautique;Libertés, Indépendants, Outre-mer et Territoires;LIOT
719672;Philippe;Sorez;Occitanie;Hérault;1;Cadre commercial dans l'industrie et le bâtiment;Renaissance;RE
793158;José;Beaurain;Hauts-de-France;Aisne;4;Artisan;Rassemblement National;RN
796018;Danielle;Simonnet;Ile-de-France;Paris;15;Professeur, profession scientifique;La France insoumise - Nouvelle Union Populaire écologique et sociale;LFI - NUPES
721234;Maud;Petit;Ile-de-France;Val-de-Marne;4;Chargée de ressources humaines;Démocrate (MoDem et Indépendants);Dem
793792;Laurent;Esquenet-Goxes;Occitanie;Haute-Garonne;10;Informaticien;Démocrate (MoDem et Indépendants);Dem
721046;Nathalie;Bassire;Réunion;Réunion;3;Retraitée de l'enseignement;Libertés, Indépendants, Outre-mer et Territoires;LIOT
332523;Marie-Christine;Dalloz;Bourgogne-Franche-Comté;Jura;2;;Les Républicains;LR
605991;Annie;Genevard;Bourgogne-Franche-Comté;Doubs;5;Professeur du secondaire;Les Républicains;LR
795176;Nicolas;Metzdorf;Nouvelle-Calédonie;Nouvelle-Calédonie;2;Ingénieur et cadre technique d'entreprise;Renaissance;RE
719664;Pascal;Lavergne;Nouvelle-Aquitaine;Gironde;12;Ingénieur-Agriculteur;Renaissance;RE
720256;Géraldine;Bannier;Pays de la Loire;Mayenne;2;Professeur du secondaire et technique;Démocrate (MoDem et Indépendants);Dem
719640;Sophie;Mette;Nouvelle-Aquitaine;Gironde;9;Sans profession déclarée;Démocrate (MoDem et Indépendants);Dem
796090;Aymeric;Caron;Ile-de-France;Paris;18;Profession de l'information, des arts et des spectacles;La France insoumise - Nouvelle Union Populaire écologique et sociale;LFI - NUPES
774960;Isabelle;Santiago;Ile-de-France;Val-de-Marne;9;Cadre territorial;Socialistes et apparentés;SOC
722358;Thomas;Gassilloud;Auvergne-Rhône-Alpes;Rhône;10;Industriel-Chef d'entreprise;Renaissance;RE
793736;Hadrien;Clouet;Occitanie;Haute-Garonne;1;Sociologue;La France insoumise - Nouvelle Union Populaire écologique et sociale;LFI - NUPES
795330;Eléonore;Caroit;Français établis hors de France;Français établis hors de France;2;Avocate;Renaissance;RE
794930;Sarah;Tanzilli;Auvergne-Rhône-Alpes;Rhône;13;Cadre administratif;Renaissance;RE
793664;Marie;Pochon;Auvergne-Rhône-Alpes;Drôme;3;Responsable associative;Écologiste - NUPES;Ecolo - NUPES
267780;Agnès;Firmin Le Bodo;Normandie;Seine-Maritime;7;Pharmacien;Horizons et apparentés;HOR
721182;Frédéric;Petit;Français établis hors de France;Français établis hors de France;7;Ingénieur;Démocrate (MoDem et Indépendants);Dem
757225;Mikaele;Seo;Wallis-et-Futuna;Wallis-et-Futuna;1;Profession intermédiaire administrative de la fonction publique;Renaissance;RE
794802;Charles;Sitzenstuhl;Grand Est;Bas-Rhin;5;Cadre de la fonction publique;Renaissance;RE
795120;Marina;Ferrari;Auvergne-Rhône-Alpes;Savoie;1;Cadre administratif et commercial d'entreprise;Démocrate (MoDem et Indépendants);Dem